541596943,Keith Mitchell,https://randomuser.me/api/portraits/men/15.jpg
759016493,Jeffrey Tucker,https://randomuser.me/api/portraits/men/88.jpg
802406334,Gary Turner,https://randomuser.me/api/portraits/men/36.jpg
417175271,Bill Sutton,https://randomuser.me/api/portraits/men/82.jpg
747482130,Craig Lewis,https://randomuser.me/api/portraits/men/48.jpg
406140206,Sandra Day,https://randomuser.me/api/portraits/women/48.jpg
526316830,Pat Kelly,https://randomuser.me/api/portraits/men/49.jpg
372178895,Patsy Smith,https://randomuser.me/api/portraits/women/42.jpg
369863728,Esther Austin,https://randomuser.me/api/portraits/women/58.jpg
404357594,Darrell Cook,https://randomuser.me/api/portraits/men/88.jpg
